journal_name,journal_url
Accident_Analysis_and_Prevention,https://www.sciencedirect.com/science/journal/00014575
Accounting_Forum,https://www.sciencedirect.com/science/journal/01559982
Accounting_Management_and_Information_Technologies,https://www.sciencedirect.com/science/journal/09598022
Accounting_Organizations_and_Society,https://www.sciencedirect.com/science/journal/03613682
Acta_de_Investigacin_Psicolgica,https://www.sciencedirect.com/science/journal/20074719
Acta_Potica,https://www.sciencedirect.com/science/journal/01853082
Acta_Psychologica,https://www.sciencedirect.com/science/journal/00016918
Acta_Sociolgica,https://www.sciencedirect.com/science/journal/01866028
Acute_Pain,https://www.sciencedirect.com/science/journal/13660071
Addictive_Behaviors,https://www.sciencedirect.com/science/journal/03064603
Addictive_Behaviors_Reports,https://www.sciencedirect.com/science/journal/23528532
Advanced_Engineering_Informatics,https://www.sciencedirect.com/science/journal/14740346
Advances_in_Accounting,https://www.sciencedirect.com/science/journal/08826110
Advances_in_Behaviour_Research_and_Therapy,https://www.sciencedirect.com/science/journal/01466402
Advances_in_International_Accounting,https://www.sciencedirect.com/science/journal/08973660
Advances_in_Life_Course_Research,https://www.sciencedirect.com/science/journal/10402608
Aggression_and_Violent_Behavior,https://www.sciencedirect.com/science/journal/13591789
Agricultural_Economics,https://www.sciencedirect.com/science/journal/01695150
Alcohol,https://www.sciencedirect.com/science/journal/07418329
Alcoholism_and_Drug_Addiction,https://www.sciencedirect.com/science/journal/08674361
Alter,https://www.sciencedirect.com/science/journal/18750672
The_American_Journal_of_Evaluation,https://www.sciencedirect.com/science/journal/10982140
Ampersand,https://www.sciencedirect.com/science/journal/22150390
Anales_de_Antropologa,https://www.sciencedirect.com/science/journal/01851225
Analysis_and_Intervention_in_Developmental_Disabilities,https://www.sciencedirect.com/science/journal/02704684
Analytic_Methods_in_Accident_Research,https://www.sciencedirect.com/science/journal/22136657
Anesthesia_History_Association_Newsletter,https://www.sciencedirect.com/science/journal/10899634
Annales_Mdicopsychologiques_revue_psychiatrique,https://www.sciencedirect.com/science/journal/00034487
Annales_des_Ponts_et_Chausses,https://www.sciencedirect.com/science/journal/01529668
Annals_of_Tourism_Research,https://www.sciencedirect.com/science/journal/01607383
Ansiedad_y_Estrs,https://www.sciencedirect.com/science/journal/11347937
L'Anthropologie,https://www.sciencedirect.com/science/journal/00035521
Anuario_Mexicano_de_Derecho_Internacional,https://www.sciencedirect.com/science/journal/18704654
Anuario_de_Psicologa,https://www.sciencedirect.com/science/journal/00665126
Anuario_de_Psicologa_Jurdica,https://www.sciencedirect.com/science/journal/11330740
Appetite,https://www.sciencedirect.com/science/journal/01956663
Applied_Behavioral_Science_Review,https://www.sciencedirect.com/science/journal/10688595
Applied_Ergonomics,https://www.sciencedirect.com/science/journal/00036870
Applied_Geography,https://www.sciencedirect.com/science/journal/01436228
Applied_and_Preventive_Psychology,https://www.sciencedirect.com/science/journal/09621849
Applied_Research_in_Mental_Retardation,https://www.sciencedirect.com/science/journal/02703092
Arab_Economic_and_Business_Journal,https://www.sciencedirect.com/science/journal/22144625
Archaeological_Research_in_Asia,https://www.sciencedirect.com/science/journal/23522267
Archaeology_Ethnology_and_Anthropology_of_Eurasia,https://www.sciencedirect.com/science/journal/15630110
Archives_of_Clinical_Neuropsychology,https://www.sciencedirect.com/science/journal/08876177
Archives_of_Psychiatric_Nursing,https://www.sciencedirect.com/science/journal/08839417
Art_Psychotherapy,https://www.sciencedirect.com/science/journal/00909092
Artificial_Intelligence_in_Engineering,https://www.sciencedirect.com/science/journal/09541810
The_Arts_in_Psychotherapy,https://www.sciencedirect.com/science/journal/01974556
AsiaAustralia_Marketing_Journal,https://www.sciencedirect.com/science/journal/13201646
Asia_Pacific_Management_Review,https://www.sciencedirect.com/science/journal/10293132
Asian_Journal_of_Psychiatry,https://www.sciencedirect.com/science/journal/18762018
The_Asian_Journal_of_Shipping_and_Logistics,https://www.sciencedirect.com/science/journal/20925212
Assessing_Writing,https://www.sciencedirect.com/science/journal/10752935
Aula_Abierta,https://www.sciencedirect.com/science/journal/02102773
Australasian_Marketing_Journal_(AMJ),https://www.sciencedirect.com/science/journal/14413582
Automatica,https://www.sciencedirect.com/science/journal/00051098
Automation_in_Construction,https://www.sciencedirect.com/science/journal/09265805
Behavior_Therapy,https://www.sciencedirect.com/science/journal/00057894
Behavioral_Biology,https://www.sciencedirect.com/science/journal/00916773
Behavioral_and_Neural_Biology,https://www.sciencedirect.com/science/journal/01631047
Behaviour_Research_and_Therapy,https://www.sciencedirect.com/science/journal/00057967
Bioethics_Update,https://www.sciencedirect.com/science/journal/2395938X
Biological_Psychology,https://www.sciencedirect.com/science/journal/03010511
Biologically_Inspired_Cognitive_Architectures,https://www.sciencedirect.com/science/journal/2212683X
Body_Image,https://www.sciencedirect.com/science/journal/17401445
Boletn_de_AELFA,https://www.sciencedirect.com/science/journal/11378174
Boletn_Mexicano_de_Derecho_Comparado,https://www.sciencedirect.com/science/journal/00418633
Borsa_Istanbul_Review,https://www.sciencedirect.com/science/journal/22148450
Brain_Behavior_and_Immunity,https://www.sciencedirect.com/science/journal/08891591
Brain_and_Cognition,https://www.sciencedirect.com/science/journal/02782626
Brain_and_Language,https://www.sciencedirect.com/science/journal/0093934X
The_British_Accounting_Review,https://www.sciencedirect.com/science/journal/08908389
BRQ_Business_Research_Quarterly,https://www.sciencedirect.com/science/journal/23409436
Bulletin_of_Anesthesia_History,https://www.sciencedirect.com/science/journal/15228649
Bulletin_of_Latin_American_Research,https://www.sciencedirect.com/science/journal/02613050
Burnout_Research,https://www.sciencedirect.com/science/journal/22130586
Business_Horizons,https://www.sciencedirect.com/science/journal/00076813
CarnegieRochester_Conference_Series_on_Public_Policy,https://www.sciencedirect.com/science/journal/01672231
Case_Studies_in_Fire_Safety,https://www.sciencedirect.com/science/journal/2214398X
Case_Studies_on_Transport_Policy,https://www.sciencedirect.com/science/journal/2213624X
Central_Bank_Review,https://www.sciencedirect.com/science/journal/13030701
Child_Abuse_and_Neglect,https://www.sciencedirect.com/science/journal/01452134
Children_and_Youth_Services_Review,https://www.sciencedirect.com/science/journal/01907409
China_Economic_Review,https://www.sciencedirect.com/science/journal/1043951X
China_Journal_of_Accounting_Research,https://www.sciencedirect.com/science/journal/17553091
China_Population_Resources_and_Environment,https://www.sciencedirect.com/science/journal/1872583X
Cities,https://www.sciencedirect.com/science/journal/02642751
City_Culture_and_Society,https://www.sciencedirect.com/science/journal/18779166
Climate_Risk_Management,https://www.sciencedirect.com/science/journal/22120963
Clnica_y_Salud,https://www.sciencedirect.com/science/journal/11305274
Clinical_Psychology_Review,https://www.sciencedirect.com/science/journal/02727358
Cognition,https://www.sciencedirect.com/science/journal/00100277
Cognitive_and_Behavioral_Practice,https://www.sciencedirect.com/science/journal/10777229
Cognitive_Development,https://www.sciencedirect.com/science/journal/08852014
Cognitive_Psychology,https://www.sciencedirect.com/science/journal/00100285
Cognitive_Science,https://www.sciencedirect.com/science/journal/03640213
Cognitive_Systems_Research,https://www.sciencedirect.com/science/journal/13890417
The_Columbia_Journal_of_World_Business,https://www.sciencedirect.com/science/journal/00225428
Communist_Affairs,https://www.sciencedirect.com/science/journal/05888174
Communist_and_PostCommunist_Studies,https://www.sciencedirect.com/science/journal/0967067X
Composites_Business_Analyst,https://www.sciencedirect.com/science/journal/14642840
Comprehensive_Psychiatry,https://www.sciencedirect.com/science/journal/0010440X
Computational_Statistics_and_Data_Analysis,https://www.sciencedirect.com/science/journal/01679473
Computer_Law_and_Security_Review,https://www.sciencedirect.com/science/journal/02673649
Computer_Science_Review,https://www.sciencedirect.com/science/journal/15740137
Computer_Speech_and_Language,https://www.sciencedirect.com/science/journal/08852308
Computer_Standards_and_Interfaces,https://www.sciencedirect.com/science/journal/09205489
Computers_and_Composition,https://www.sciencedirect.com/science/journal/87554615
Computers_and_Education,https://www.sciencedirect.com/science/journal/03601315
Computers_Environment_and_Urban_Systems,https://www.sciencedirect.com/science/journal/01989715
Computers_in_Human_Behavior,https://www.sciencedirect.com/science/journal/07475632
Computers_and_Industrial_Engineering,https://www.sciencedirect.com/science/journal/03608352
Computers_in_Industry,https://www.sciencedirect.com/science/journal/01663615
Computers_and_Operations_Research,https://www.sciencedirect.com/science/journal/03050548
Computers_and_Urban_Society,https://www.sciencedirect.com/science/journal/03057097
Consciousness_and_Cognition,https://www.sciencedirect.com/science/journal/10538100
Conservation_and_Recycling,https://www.sciencedirect.com/science/journal/03613658
Contadura_y_Administracin,https://www.sciencedirect.com/science/journal/01861042
Contemporary_Educational_Psychology,https://www.sciencedirect.com/science/journal/0361476X
The_Cornell_Hotel_and_Restaurant_Administration_Quarterly,https://www.sciencedirect.com/science/journal/00108804
Corporate_Environmental_Strategy,https://www.sciencedirect.com/science/journal/10667938
Cortex,https://www.sciencedirect.com/science/journal/00109452
Critical_Perspectives_on_Accounting,https://www.sciencedirect.com/science/journal/10452354
Cuadernos_de_Economa,https://www.sciencedirect.com/science/journal/02100266
Cuadernos_de_Economa_y_Direccin_de_la_Empresa,https://www.sciencedirect.com/science/journal/11385758
Cuestiones_Constitucionales,https://www.sciencedirect.com/science/journal/14059193
Current_Opinion_in_Environmental_Sustainability,https://www.sciencedirect.com/science/journal/18773435
Current_Opinion_in_Psychology,https://www.sciencedirect.com/science/journal/2352250X
Currents_in_Pharmacy_Teaching_and_Learning,https://www.sciencedirect.com/science/journal/18771297
Data_and_Knowledge_Engineering,https://www.sciencedirect.com/science/journal/0169023X
Debate_Feminista,https://www.sciencedirect.com/science/journal/01889478
Decision_Support_Systems,https://www.sciencedirect.com/science/journal/01679236
Dendrochronologia,https://www.sciencedirect.com/science/journal/11257865
Development_Engineering,https://www.sciencedirect.com/science/journal/23527285
Developmental_Review,https://www.sciencedirect.com/science/journal/02732297
Digital_Applications_in_Archaeology_and_Cultural_Heritage,https://www.sciencedirect.com/science/journal/22120548
Digital_Investigation,https://www.sciencedirect.com/science/journal/17422876
Discourse_Context_and_Media,https://www.sciencedirect.com/science/journal/22116958
Discrete_Optimization,https://www.sciencedirect.com/science/journal/15725286
Displays,https://www.sciencedirect.com/science/journal/01419382
Douleurs_valuation_Diagnostic_Traitement,https://www.sciencedirect.com/science/journal/16245687
Droit_Dontologie_and_Soin,https://www.sciencedirect.com/science/journal/16296583
Drug_and_Alcohol_Dependence,https://www.sciencedirect.com/science/journal/03768716
Early_Childhood_Research_Quarterly,https://www.sciencedirect.com/science/journal/08852006
Eating_Behaviors,https://www.sciencedirect.com/science/journal/14710153
Ecological_Economics,https://www.sciencedirect.com/science/journal/09218009
Econometrics_and_Statistics,https://www.sciencedirect.com/science/journal/24523062
EconomiA,https://www.sciencedirect.com/science/journal/15177580
Economa_Informa,https://www.sciencedirect.com/science/journal/01850849
Economa_UNAM,https://www.sciencedirect.com/science/journal/1665952X
Economic_Analysis_and_Policy,https://www.sciencedirect.com/science/journal/03135926
Economic_Modelling,https://www.sciencedirect.com/science/journal/02649993
Economic_Systems,https://www.sciencedirect.com/science/journal/09393625
Economics_of_Education_Review,https://www.sciencedirect.com/science/journal/02727757
Economics_and_Human_Biology,https://www.sciencedirect.com/science/journal/1570677X
Economics_Letters,https://www.sciencedirect.com/science/journal/01651765
Economics_of_Transportation,https://www.sciencedirect.com/science/journal/22120122
Ecosystem_Services,https://www.sciencedirect.com/science/journal/22120416
Education_for_Chemical_Engineers,https://www.sciencedirect.com/science/journal/17497728
Educational_Research_Review,https://www.sciencedirect.com/science/journal/1747938X
Egyptian_Journal_of_Forensic_Sciences,https://www.sciencedirect.com/science/journal/2090536X
Electoral_Studies,https://www.sciencedirect.com/science/journal/02613794
The_Electricity_Journal,https://www.sciencedirect.com/science/journal/10406190
Electronic_Commerce_Research_and_Applications,https://www.sciencedirect.com/science/journal/15674223
Emerging_Markets_Review,https://www.sciencedirect.com/science/journal/15660141
Emotion_Space_and_Society,https://www.sciencedirect.com/science/journal/17554586
Endeavour,https://www.sciencedirect.com/science/journal/01609327
Energy_Economics,https://www.sciencedirect.com/science/journal/01409883
Energy_Policy,https://www.sciencedirect.com/science/journal/03014215
Energy_Research_and_Social_Science,https://www.sciencedirect.com/science/journal/22146296
Energy_Strategy_Reviews,https://www.sciencedirect.com/science/journal/2211467X
Energy_for_Sustainable_Development,https://www.sciencedirect.com/science/journal/09730826
Engineering_Costs_and_Production_Economics,https://www.sciencedirect.com/science/journal/0167188X
Engineering_Management_International,https://www.sciencedirect.com/science/journal/01675419
Engineering_and_Process_Economics,https://www.sciencedirect.com/science/journal/0377841X
English_for_Specific_Purposes,https://www.sciencedirect.com/science/journal/08894906
Ensayos_sobre_Poltica_Econmica,https://www.sciencedirect.com/science/journal/01204483
Environmental_Hazards,https://www.sciencedirect.com/science/journal/17477891
Environmental_Impact_Assessment_Review,https://www.sciencedirect.com/science/journal/01959255
Environmental_Innovation_and_Societal_Transitions,https://www.sciencedirect.com/science/journal/22104224
Environmental_Science_and_Policy,https://www.sciencedirect.com/science/journal/14629011
The_ESP_Journal,https://www.sciencedirect.com/science/journal/02722380
Estudios_de_Cultura_Maya,https://www.sciencedirect.com/science/journal/01852574
Estudios_Gerenciales,https://www.sciencedirect.com/science/journal/01235923
Estudios_de_Historia_Moderna_y_Contempornea_de_Mxico,https://www.sciencedirect.com/science/journal/01852620
Estudios_de_Historia_Novohispana,https://www.sciencedirect.com/science/journal/18709060
Estudios_Polticos,https://www.sciencedirect.com/science/journal/01851616
Ethics_Medicine_and_Public_Health,https://www.sciencedirect.com/science/journal/23525525
thique_and_Sant,https://www.sciencedirect.com/science/journal/17654629
Ethology_and_Sociobiology,https://www.sciencedirect.com/science/journal/01623095
European_Economic_Review,https://www.sciencedirect.com/science/journal/00142921
European_Journal_of_Education_and_Psychology,https://www.sciencedirect.com/science/journal/18888992
European_Journal_of_Family_Business,https://www.sciencedirect.com/science/journal/2444877X
European_Journal_of_Management_and_Business_Economics,https://www.sciencedirect.com/science/journal/24448451
European_Journal_of_Operational_Research,https://www.sciencedirect.com/science/journal/03772217
European_Journal_of_Pain,https://www.sciencedirect.com/science/journal/10903801
European_Journal_of_Pain_Supplements,https://www.sciencedirect.com/science/journal/17543207
European_Journal_of_Political_Economy,https://www.sciencedirect.com/science/journal/01762680
The_European_Journal_of_Psychology_Applied_to_Legal_Context,https://www.sciencedirect.com/science/journal/18891861
European_Journal_of_Purchasing_and_Supply_Management,https://www.sciencedirect.com/science/journal/09697012
European_Journal_of_Trauma_and_Dissociation,https://www.sciencedirect.com/science/journal/24687499
European_Management_Journal,https://www.sciencedirect.com/science/journal/02632373
European_Neuropsychopharmacology,https://www.sciencedirect.com/science/journal/0924977X
European_Research_on_Management_and_Business_Economics,https://www.sciencedirect.com/science/journal/24448834
Evaluation_in_Education,https://www.sciencedirect.com/science/journal/0191765X
Evaluation_in_Education_International_Progress,https://www.sciencedirect.com/science/journal/01459228
Evaluation_Practice,https://www.sciencedirect.com/science/journal/08861633
Evaluation_and_Program_Planning,https://www.sciencedirect.com/science/journal/01497189
Evolution_and_Human_Behavior,https://www.sciencedirect.com/science/journal/10905138
L'volution_Psychiatrique,https://www.sciencedirect.com/science/journal/00143855
Expert_Systems_with_Applications,https://www.sciencedirect.com/science/journal/09574174
Explorations_in_Economic_History,https://www.sciencedirect.com/science/journal/00144983
The_Extractive_Industries_and_Society,https://www.sciencedirect.com/science/journal/2214790X
Finance_Research_Letters,https://www.sciencedirect.com/science/journal/15446123
Financial_Services_Review,https://www.sciencedirect.com/science/journal/10570810
Food_Policy,https://www.sciencedirect.com/science/journal/03069192
Forensic_Science_International,https://www.sciencedirect.com/science/journal/03790738
Forensic_Science_International_Genetics,https://www.sciencedirect.com/science/journal/18724973
Forensic_Science_International_Genetics_Supplement_Series,https://www.sciencedirect.com/science/journal/18751768
Forensic_Science_International_Supplement_Series,https://www.sciencedirect.com/science/journal/18751741
Forest_Policy_and_Economics,https://www.sciencedirect.com/science/journal/13899341
The_Foundation_Years,https://www.sciencedirect.com/science/journal/17441889
Frontiers_of_Architectural_Research,https://www.sciencedirect.com/science/journal/20952635
Future_Business_Journal,https://www.sciencedirect.com/science/journal/23147210
Futures,https://www.sciencedirect.com/science/journal/00163287
Fuzzy_Information_and_Engineering,https://www.sciencedirect.com/science/journal/16168658
Fuzzy_Sets_and_Systems,https://www.sciencedirect.com/science/journal/01650114
Gaceta_Sanitaria,https://www.sciencedirect.com/science/journal/02139111
Games_and_Economic_Behavior,https://www.sciencedirect.com/science/journal/08998256
Geoforum,https://www.sciencedirect.com/science/journal/00167185
Gographie_conomie_Socit,https://www.sciencedirect.com/science/journal/1295926X
Geography_and_Natural_Resources,https://www.sciencedirect.com/science/journal/18753728
Geriatric_Mental_Health_Care,https://www.sciencedirect.com/science/journal/22129693
Global_Economics_and_Management_Review,https://www.sciencedirect.com/science/journal/23401540
Global_Environmental_Change,https://www.sciencedirect.com/science/journal/09593780
Global_Environmental_Change_Part_B_Environmental_Hazards,https://www.sciencedirect.com/science/journal/14642867
Global_Finance_Journal,https://www.sciencedirect.com/science/journal/10440283
Global_Food_Security,https://www.sciencedirect.com/science/journal/22119124
Government_Information_Quarterly,https://www.sciencedirect.com/science/journal/0740624X
Government_Publications_Review,https://www.sciencedirect.com/science/journal/02779390
Government_Publications_Review_(1973),https://www.sciencedirect.com/science/journal/0093061X
Government_Publications_Review_Part_A,https://www.sciencedirect.com/science/journal/0196335X
Government_Publications_Review_Part_B,https://www.sciencedirect.com/science/journal/01963368
Habitat_International,https://www.sciencedirect.com/science/journal/01973975
Health_Outcomes_Research_in_Medicine,https://www.sciencedirect.com/science/journal/18771319
Health_and_Place,https://www.sciencedirect.com/science/journal/13538292
Healthcare_Management_Forum,https://www.sciencedirect.com/science/journal/08404704
Heliyon,https://www.sciencedirect.com/science/journal/24058440
Higher_Education_Policy,https://www.sciencedirect.com/science/journal/09528733
Historia_Mathematica,https://www.sciencedirect.com/science/journal/03150860
History_of_European_Ideas,https://www.sciencedirect.com/science/journal/01916599
The_History_of_the_Family,https://www.sciencedirect.com/science/journal/1081602X
HOMO,https://www.sciencedirect.com/science/journal/0018442X
Hormones_and_Behavior,https://www.sciencedirect.com/science/journal/0018506X
Human_Movement_Science,https://www.sciencedirect.com/science/journal/01679457
Human_Resource_Management_Review,https://www.sciencedirect.com/science/journal/10534822
IATSS_Research,https://www.sciencedirect.com/science/journal/03861112
IIMB_Management_Review,https://www.sciencedirect.com/science/journal/09703896
In_Analysis,https://www.sciencedirect.com/science/journal/25423606
Industrial_Marketing_Management,https://www.sciencedirect.com/science/journal/00198501
Infant_Behavior_and_Development,https://www.sciencedirect.com/science/journal/01636383
Information_Economics_and_Policy,https://www.sciencedirect.com/science/journal/01676245
Information_and_Management,https://www.sciencedirect.com/science/journal/03787206
Information_and_Organization,https://www.sciencedirect.com/science/journal/14717727
Information_Processing_and_Management,https://www.sciencedirect.com/science/journal/03064573
Information_Sciences,https://www.sciencedirect.com/science/journal/00200255
Information_Sciences_Applications,https://www.sciencedirect.com/science/journal/10690115
Information_Security_Technical_Report,https://www.sciencedirect.com/science/journal/13634127
Information_Storage_and_Retrieval,https://www.sciencedirect.com/science/journal/00200271
Information_Systems,https://www.sciencedirect.com/science/journal/03064379
Infosecurity,https://www.sciencedirect.com/science/journal/17544548
Infosecurity_Today,https://www.sciencedirect.com/science/journal/17426847
Insurance_Mathematics_and_Economics,https://www.sciencedirect.com/science/journal/01676687
Intellectual_Economics,https://www.sciencedirect.com/science/journal/18228011
Intelligence,https://www.sciencedirect.com/science/journal/01602896
International_Business_Review,https://www.sciencedirect.com/science/journal/09695931
International_Comparative_Jurisprudence,https://www.sciencedirect.com/science/journal/23516674
International_Economics,https://www.sciencedirect.com/science/journal/21107017
The_International_Food_and_Agribusiness_Management_Review,https://www.sciencedirect.com/science/journal/10967508
The_International_Information_and_Library_Review,https://www.sciencedirect.com/science/journal/10572317
The_International_Journal_of_Accounting,https://www.sciencedirect.com/science/journal/00207063
International_Journal_of_Accounting_Information_Systems,https://www.sciencedirect.com/science/journal/14670895
International_Journal_of_Applied_Quality_Management,https://www.sciencedirect.com/science/journal/10964738
International_Journal_of_Approximate_Reasoning,https://www.sciencedirect.com/science/journal/0888613X
International_Journal_of_ChildComputer_Interaction,https://www.sciencedirect.com/science/journal/22128689
International_Journal_of_Clinical_and_Health_Psychology,https://www.sciencedirect.com/science/journal/16972600
International_Journal_of_Critical_Infrastructure_Protection,https://www.sciencedirect.com/science/journal/18745482
International_Journal_of_Disaster_Risk_Reduction,https://www.sciencedirect.com/science/journal/22124209
International_Journal_of_Drug_Policy,https://www.sciencedirect.com/science/journal/09553959
International_Journal_of_Educational_Development,https://www.sciencedirect.com/science/journal/07380593
International_Journal_of_Educational_Research,https://www.sciencedirect.com/science/journal/08830355
International_Journal_of_eNavigation_and_Maritime_Economy,https://www.sciencedirect.com/science/journal/24055352
International_Journal_of_Forecasting,https://www.sciencedirect.com/science/journal/01692070
International_Journal_of_Gastronomy_and_Food_Science,https://www.sciencedirect.com/science/journal/1878450X
International_Journal_of_Hospitality_Management,https://www.sciencedirect.com/science/journal/02784319
International_Journal_of_HumanComputer_Studies,https://www.sciencedirect.com/science/journal/10715819
International_Journal_of_Industrial_Ergonomics,https://www.sciencedirect.com/science/journal/01698141
International_Journal_of_Industrial_Organization,https://www.sciencedirect.com/science/journal/01677187
International_Journal_of_Information_Management,https://www.sciencedirect.com/science/journal/02684012
International_Journal_of_Innovation_Studies,https://www.sciencedirect.com/science/journal/20962487
International_Journal_of_Intercultural_Relations,https://www.sciencedirect.com/science/journal/01471767
International_Journal_of_Law_Crime_and_Justice,https://www.sciencedirect.com/science/journal/17560616
International_Journal_of_Law_and_Psychiatry,https://www.sciencedirect.com/science/journal/01602527
International_Journal_of_ManMachine_Studies,https://www.sciencedirect.com/science/journal/00207373
The_International_Journal_of_Management_Education,https://www.sciencedirect.com/science/journal/14728117
International_Journal_of_Museum_Management_and_Curatorship,https://www.sciencedirect.com/science/journal/02604779
The_International_Journal_of_Nautical_Archaeology,https://www.sciencedirect.com/science/journal/10572414
International_Journal_of_Nursing_Studies,https://www.sciencedirect.com/science/journal/00207489
International_Journal_of_Paleopathology,https://www.sciencedirect.com/science/journal/18799817
International_Journal_of_Production_Economics,https://www.sciencedirect.com/science/journal/09255273
International_Journal_of_Project_Management,https://www.sciencedirect.com/science/journal/02637863
International_Journal_of_Psychophysiology,https://www.sciencedirect.com/science/journal/01678760
International_Journal_of_Research_in_Marketing,https://www.sciencedirect.com/science/journal/01678116
International_Journal_of_the_Sociology_of_Law,https://www.sciencedirect.com/science/journal/01946595
International_Journal_of_Tourism_Management,https://www.sciencedirect.com/science/journal/01432516
International_Journal_of_Transport_Management,https://www.sciencedirect.com/science/journal/14714051
International_Journal_of_Transportation_Science_and_Technology,https://www.sciencedirect.com/science/journal/20460430
International_Library_Review,https://www.sciencedirect.com/science/journal/00207837
International_Medical_Review_on_Down_Syndrome,https://www.sciencedirect.com/science/journal/21719748
International_Public_Management_Journal,https://www.sciencedirect.com/science/journal/10967494
International_Review_of_Economics_Education,https://www.sciencedirect.com/science/journal/14773880
International_Review_of_Economics_and_Finance,https://www.sciencedirect.com/science/journal/10590560
International_Review_of_Financial_Analysis,https://www.sciencedirect.com/science/journal/10575219
International_Review_of_Law_and_Economics,https://www.sciencedirect.com/science/journal/01448188
International_Strategic_Management_Review,https://www.sciencedirect.com/science/journal/23067748
International_Transactions_in_Operational_Research,https://www.sciencedirect.com/science/journal/09696016
The_Internet_and_Higher_Education,https://www.sciencedirect.com/science/journal/10967516
Investigacin_Bibliotecolgica_Archivonoma_Bibliotecologa_e_Informacin,https://www.sciencedirect.com/science/journal/0187358X
Investigacin_Econmica,https://www.sciencedirect.com/science/journal/01851667
Investigaciones_Europeas_de_Direccin_y_Economa_de_la_Empresa,https://www.sciencedirect.com/science/journal/11352523
Investigaciones_Geogrficas_Boletn_del_Instituto_de_Geografa,https://www.sciencedirect.com/science/journal/01884611
Investigaciones_de_Historia_Econmica,https://www.sciencedirect.com/science/journal/16986989
Issues_in_Education,https://www.sciencedirect.com/science/journal/10809724
Japan_and_the_World_Economy,https://www.sciencedirect.com/science/journal/09221425
The_Journal_of_Academic_Librarianship,https://www.sciencedirect.com/science/journal/00991333
Journal_of_Accounting_and_Economics,https://www.sciencedirect.com/science/journal/01654101
Journal_of_Accounting_Education,https://www.sciencedirect.com/science/journal/07485751
Journal_of_Accounting_Literature,https://www.sciencedirect.com/science/journal/07374607
Journal_of_Accounting_and_Public_Policy,https://www.sciencedirect.com/science/journal/02784254
Journal_of_Adolescence,https://www.sciencedirect.com/science/journal/01401971
Journal_of_Adolescent_Health,https://www.sciencedirect.com/science/journal/1054139X
Journal_of_Adolescent_Health_Care,https://www.sciencedirect.com/science/journal/01970070
Journal_of_African_Trade,https://www.sciencedirect.com/science/journal/22148515
Journal_of_Aging_Studies,https://www.sciencedirect.com/science/journal/08904065
Journal_of_Air_Transport_Management,https://www.sciencedirect.com/science/journal/09696997
Journal_of_the_American_Academy_of_Child_and_Adolescent_Psychiatry,https://www.sciencedirect.com/science/journal/08908567
Journal_of_the_American_Academy_of_Child_Psychiatry,https://www.sciencedirect.com/science/journal/00027138
Journal_of_Anesthesia_History,https://www.sciencedirect.com/science/journal/23524529
Journal_of_Anthropological_Archaeology,https://www.sciencedirect.com/science/journal/02784165
Journal_of_Anxiety_Disorders,https://www.sciencedirect.com/science/journal/08876185
Journal_of_Applied_Developmental_Psychology,https://www.sciencedirect.com/science/journal/01933973
Journal_of_Applied_Economics,https://www.sciencedirect.com/science/journal/15140326
Journal_of_Applied_Research_in_Memory_and_Cognition,https://www.sciencedirect.com/science/journal/22113681
Journal_of_Archaeological_Science,https://www.sciencedirect.com/science/journal/03054403
Journal_of_Archaeological_Science_Reports,https://www.sciencedirect.com/science/journal/2352409X
Journal_of_Asian_Economics,https://www.sciencedirect.com/science/journal/10490078
Journal_of_Banking_and_Finance,https://www.sciencedirect.com/science/journal/03784266
Journal_of_Behavior_Health_and_Social_Issues,https://www.sciencedirect.com/science/journal/20070780
Journal_of_Behavior_Therapy_and_Experimental_Psychiatry,https://www.sciencedirect.com/science/journal/00057916
Journal_of_Behavioral_Economics,https://www.sciencedirect.com/science/journal/00905720
Journal_of_Behavioral_and_Experimental_Economics,https://www.sciencedirect.com/science/journal/22148043
Journal_of_Behavioral_and_Experimental_Finance,https://www.sciencedirect.com/science/journal/22146350
Journal_of_Building_Engineering,https://www.sciencedirect.com/science/journal/23527102
Journal_of_Business_Research,https://www.sciencedirect.com/science/journal/01482963
Journal_of_Business_Venturing,https://www.sciencedirect.com/science/journal/08839026
Journal_of_Business_Venturing_Insights,https://www.sciencedirect.com/science/journal/23526734
Journal_of_Chiropractic_Humanities,https://www.sciencedirect.com/science/journal/15563499
Journal_of_Choice_Modelling,https://www.sciencedirect.com/science/journal/17555345
Journal_of_Clinical_Epidemiology,https://www.sciencedirect.com/science/journal/08954356
Journal_of_Clinical_Forensic_Medicine,https://www.sciencedirect.com/science/journal/13531131
Journal_of_Commodity_Markets,https://www.sciencedirect.com/science/journal/24058513
Journal_of_Communication_Disorders,https://www.sciencedirect.com/science/journal/00219924
Journal_of_Comparative_Economics,https://www.sciencedirect.com/science/journal/01475967
Journal_of_Consumer_Psychology,https://www.sciencedirect.com/science/journal/10577408
Journal_of_Contemporary_Accounting_and_Economics,https://www.sciencedirect.com/science/journal/18155669
Journal_of_Contextual_Behavioral_Science,https://www.sciencedirect.com/science/journal/22121447
Journal_of_Cooperative_Organization_and_Management,https://www.sciencedirect.com/science/journal/2213297X
Journal_of_Corporate_Finance,https://www.sciencedirect.com/science/journal/09291199
Journal_of_Criminal_Justice,https://www.sciencedirect.com/science/journal/00472352
Journal_of_Cultural_Heritage,https://www.sciencedirect.com/science/journal/12962074
Journal_of_Destination_Marketing_and_Management,https://www.sciencedirect.com/science/journal/2212571X
Journal_of_Development_Economics,https://www.sciencedirect.com/science/journal/03043878
Journal_of_Direct_Marketing,https://www.sciencedirect.com/science/journal/08920591
Journal_of_Econometrics,https://www.sciencedirect.com/science/journal/03044076
The_Journal_of_Economic_Asymmetries,https://www.sciencedirect.com/science/journal/17034949
Journal_of_Economic_Behavior_and_Organization,https://www.sciencedirect.com/science/journal/01672681
Journal_of_Economic_Dynamics_and_Control,https://www.sciencedirect.com/science/journal/01651889
Journal_of_Economic_Psychology,https://www.sciencedirect.com/science/journal/01674870
Journal_of_Economic_Theory,https://www.sciencedirect.com/science/journal/00220531
The_Journal_of_the_Economics_of_Ageing,https://www.sciencedirect.com/science/journal/2212828X
Journal_of_Economics_and_Business,https://www.sciencedirect.com/science/journal/01486195
Journal_of_Economics_Finance_and_Administrative_Science,https://www.sciencedirect.com/science/journal/20771886
Journal_of_Empirical_Finance,https://www.sciencedirect.com/science/journal/09275398
Journal_of_Energy_Finance_and_Development,https://www.sciencedirect.com/science/journal/10857443
Journal_of_Energy_Storage,https://www.sciencedirect.com/science/journal/2352152X
Journal_of_Engineering_and_Technology_Management,https://www.sciencedirect.com/science/journal/09234748
Journal_of_English_for_Academic_Purposes,https://www.sciencedirect.com/science/journal/14751585
Journal_of_Environmental_Economics_and_Management,https://www.sciencedirect.com/science/journal/00950696
Journal_of_Environmental_Management,https://www.sciencedirect.com/science/journal/03014797
Journal_of_Environmental_Psychology,https://www.sciencedirect.com/science/journal/02724944
Journal_of_Eurasian_Studies,https://www.sciencedirect.com/science/journal/18793665
Journal_of_Experimental_Child_Psychology,https://www.sciencedirect.com/science/journal/00220965
Journal_of_Experimental_Social_Psychology,https://www.sciencedirect.com/science/journal/00221031
Journal_of_Family_Business_Strategy,https://www.sciencedirect.com/science/journal/18778585
The_Journal_of_Finance_and_Data_Science,https://www.sciencedirect.com/science/journal/24059188
Journal_of_Financial_Economics,https://www.sciencedirect.com/science/journal/0304405X
Journal_of_Financial_Intermediation,https://www.sciencedirect.com/science/journal/10429573
Journal_of_Financial_Markets,https://www.sciencedirect.com/science/journal/13864181
Journal_of_Financial_Stability,https://www.sciencedirect.com/science/journal/15723089
Journal_of_Fluency_Disorders,https://www.sciencedirect.com/science/journal/0094730X
Journal_of_Forensic_and_Legal_Medicine,https://www.sciencedirect.com/science/journal/1752928X
Journal_of_Forest_Economics,https://www.sciencedirect.com/science/journal/11046899
Journal_of_the_Franklin_Institute,https://www.sciencedirect.com/science/journal/00160032
Journal_of_Government_Information,https://www.sciencedirect.com/science/journal/13520237
Journal_of_Health_Economics,https://www.sciencedirect.com/science/journal/01676296
Journal_of_Healthcare_Quality_Research,https://www.sciencedirect.com/science/journal/26036479
The_Journal_of_High_Technology_Management_Research,https://www.sciencedirect.com/science/journal/10478310
Journal_of_Historical_Geography,https://www.sciencedirect.com/science/journal/03057488
Journal_of_Hospitality_Leisure_Sport_and_Tourism_Education,https://www.sciencedirect.com/science/journal/14738376
Journal_of_Hospitality_and_Tourism_Management,https://www.sciencedirect.com/science/journal/14476770
Journal_of_Housing_Economics,https://www.sciencedirect.com/science/journal/10511377
Journal_of_Income_Distribution,https://www.sciencedirect.com/science/journal/09266437
Journal_of_Industrial_Information_Integration,https://www.sciencedirect.com/science/journal/2452414X
Journal_of_Information_Security_and_Applications,https://www.sciencedirect.com/science/journal/22142126
Journal_of_Informetrics,https://www.sciencedirect.com/science/journal/17511577
Journal_of_Innovation_and_Knowledge,https://www.sciencedirect.com/science/journal/2444569X
Journal_of_Interactive_Marketing,https://www.sciencedirect.com/science/journal/10949968
Journal_of_International_Accounting_Auditing_and_Taxation,https://www.sciencedirect.com/science/journal/10619518
Journal_of_International_Economics,https://www.sciencedirect.com/science/journal/00221996
Journal_of_International_Financial_Markets_Institutions_and_Money,https://www.sciencedirect.com/science/journal/10424431
Journal_of_International_Management,https://www.sciencedirect.com/science/journal/10754253
Journal_of_International_Money_and_Finance,https://www.sciencedirect.com/science/journal/02615606
Journal_of_the_Japanese_and_International_Economies,https://www.sciencedirect.com/science/journal/08891583
Journal_of_King_Saud_University_Languages_and_Translation,https://www.sciencedirect.com/science/journal/22108319
Journal_of_the_Korean_Statistical_Society,https://www.sciencedirect.com/science/journal/12263192
Journal_of_Macroeconomics,https://www.sciencedirect.com/science/journal/01640704
Journal_of_Management,https://www.sciencedirect.com/science/journal/01492063
Journal_of_Marine_and_Island_Cultures,https://www.sciencedirect.com/science/journal/22126821
The_Journal_of_Mathematical_Behavior,https://www.sciencedirect.com/science/journal/07323123
Journal_of_Mathematical_Economics,https://www.sciencedirect.com/science/journal/03044068
Journal_of_Mathematical_Psychology,https://www.sciencedirect.com/science/journal/00222496
Journal_of_Medieval_History,https://www.sciencedirect.com/science/journal/03044181
Journal_of_Memory_and_Language,https://www.sciencedirect.com/science/journal/0749596X
Journal_of_Monetary_Economics,https://www.sciencedirect.com/science/journal/03043932
Journal_of_Multinational_Financial_Management,https://www.sciencedirect.com/science/journal/1042444X
Journal_of_Multivariate_Analysis,https://www.sciencedirect.com/science/journal/0047259X
Journal_of_Neurolinguistics,https://www.sciencedirect.com/science/journal/09116044
Journal_of_Nutrition_Education,https://www.sciencedirect.com/science/journal/00223182
Journal_of_Nutrition_Education_and_Behavior,https://www.sciencedirect.com/science/journal/14994046
Journal_of_ObsessiveCompulsive_and_Related_Disorders,https://www.sciencedirect.com/science/journal/22113649
Journal_of_Occupational_Accidents,https://www.sciencedirect.com/science/journal/03766349
Journal_of_Oncological_Sciences,https://www.sciencedirect.com/science/journal/24523364
Journal_of_Operations_Management,https://www.sciencedirect.com/science/journal/02726963
Journal_of_Outdoor_Recreation_and_Tourism,https://www.sciencedirect.com/science/journal/22130780
Journal_of_Phonetics,https://www.sciencedirect.com/science/journal/00954470
Journal_of_Policy_Modeling,https://www.sciencedirect.com/science/journal/01618938
Journal_of_Pragmatics,https://www.sciencedirect.com/science/journal/03782166
Journal_of_Product_Innovation_Management,https://www.sciencedirect.com/science/journal/07376782
Journal_of_Psychiatric_Research,https://www.sciencedirect.com/science/journal/00223956
Journal_of_Psychosomatic_Research,https://www.sciencedirect.com/science/journal/00223999
Journal_of_Public_Economics,https://www.sciencedirect.com/science/journal/00472727
Journal_of_Purchasing_and_Supply_Management,https://www.sciencedirect.com/science/journal/14784092
Journal_of_Quality_Management,https://www.sciencedirect.com/science/journal/10848568
Journal_of_Rail_Transport_Planning_and_Management,https://www.sciencedirect.com/science/journal/22109706
Journal_of_Research_in_Personality,https://www.sciencedirect.com/science/journal/00926566
Journal_of_Retailing,https://www.sciencedirect.com/science/journal/00224359
Journal_of_Retailing_and_Consumer_Services,https://www.sciencedirect.com/science/journal/09696989
Journal_of_Rural_Studies,https://www.sciencedirect.com/science/journal/07430167
Journal_of_Safety_Research,https://www.sciencedirect.com/science/journal/00224375
Journal_of_School_Psychology,https://www.sciencedirect.com/science/journal/00224405
Journal_of_Second_Language_Writing,https://www.sciencedirect.com/science/journal/10603743
Journal_of_Social_and_Biological_Structures,https://www.sciencedirect.com/science/journal/01401750
Journal_of_Social_and_Evolutionary_Systems,https://www.sciencedirect.com/science/journal/10617361
The_Journal_of_Social_Studies_Research,https://www.sciencedirect.com/science/journal/0885985X
The_Journal_of_SocioEconomics,https://www.sciencedirect.com/science/journal/10535357
Journal_of_Space_Safety_Engineering,https://www.sciencedirect.com/science/journal/24688967
Journal_of_Sport_and_Health_Science,https://www.sciencedirect.com/science/journal/20952546
Journal_of_Statistical_Planning_and_Inference,https://www.sciencedirect.com/science/journal/03783758
The_Journal_of_Strategic_Information_Systems,https://www.sciencedirect.com/science/journal/09638687
Journal_of_Substance_Abuse_Treatment,https://www.sciencedirect.com/science/journal/07405472
Journal_de_Thrapie_Comportementale_et_Cognitive,https://www.sciencedirect.com/science/journal/11551704
Journal_of_Traffic_and_Transportation_Engineering_(English_Edition),https://www.sciencedirect.com/science/journal/20957564
Journal_of_Transport_Geography,https://www.sciencedirect.com/science/journal/09666923
Journal_of_Transport_and_Health,https://www.sciencedirect.com/science/journal/22141405
Journal_of_Transportation_Systems_Engineering_and_Information_Technology,https://www.sciencedirect.com/science/journal/15706672
Journal_of_Urban_Economics,https://www.sciencedirect.com/science/journal/00941190
Journal_of_Urban_Management,https://www.sciencedirect.com/science/journal/22265856
Journal_of_Verbal_Learning_and_Verbal_Behavior,https://www.sciencedirect.com/science/journal/00225371
Journal_of_Vocational_Behavior,https://www.sciencedirect.com/science/journal/00018791
Journal_of_Voice,https://www.sciencedirect.com/science/journal/08921997
Journal_of_World_Business,https://www.sciencedirect.com/science/journal/10909516
Kasetsart_Journal_of_Social_Sciences,https://www.sciencedirect.com/science/journal/24523151
Knowledge_Acquisition,https://www.sciencedirect.com/science/journal/10428143
Kontakt,https://www.sciencedirect.com/science/journal/12124117
Labour_Economics,https://www.sciencedirect.com/science/journal/09275371
The_Lancet_Psychiatry,https://www.sciencedirect.com/science/journal/22150366
Land_Use_Policy,https://www.sciencedirect.com/science/journal/02648377
Landscape_Planning,https://www.sciencedirect.com/science/journal/03043924
Landscape_and_Urban_Planning,https://www.sciencedirect.com/science/journal/01692046
Language_and_Communication,https://www.sciencedirect.com/science/journal/02715309
Language_Sciences,https://www.sciencedirect.com/science/journal/03880001
Latinoamrica_Revista_de_Estudios_Latinoamericanos,https://www.sciencedirect.com/science/journal/16658574
The_Leadership_Quarterly,https://www.sciencedirect.com/science/journal/10489843
Learning_Culture_and_Social_Interaction,https://www.sciencedirect.com/science/journal/22106561
Learning_and_Individual_Differences,https://www.sciencedirect.com/science/journal/10416080
Learning_and_Instruction,https://www.sciencedirect.com/science/journal/09594752
Learning_and_Motivation,https://www.sciencedirect.com/science/journal/00239690
Legal_Medicine,https://www.sciencedirect.com/science/journal/13446223
Library_Acquisitions_Practice_and_Theory,https://www.sciencedirect.com/science/journal/03646408
Library_Collections_Acquisitions_and_Technical_Services,https://www.sciencedirect.com/science/journal/14649055
Library_and_Information_Science_Research,https://www.sciencedirect.com/science/journal/07408188
Lingua,https://www.sciencedirect.com/science/journal/00243841
Linguistics_and_Education,https://www.sciencedirect.com/science/journal/08985898
Literatura_Mexicana,https://www.sciencedirect.com/science/journal/01882546
Location_Science,https://www.sciencedirect.com/science/journal/09668349
Long_Range_Planning,https://www.sciencedirect.com/science/journal/00246301
Magister,https://www.sciencedirect.com/science/journal/02126796
Management_Accounting_Research,https://www.sciencedirect.com/science/journal/10445005
Marine_Policy,https://www.sciencedirect.com/science/journal/0308597X
Mathematical_and_Computer_Modelling,https://www.sciencedirect.com/science/journal/08957177
Mathematical_Social_Sciences,https://www.sciencedirect.com/science/journal/01654896
Mathematics_and_Computers_in_Simulation,https://www.sciencedirect.com/science/journal/03784754
Mdecine_and_Droit,https://www.sciencedirect.com/science/journal/12467391
Mdecine_Palliative,https://www.sciencedirect.com/science/journal/16366522
Mental_Health_and_Physical_Activity,https://www.sciencedirect.com/science/journal/17552966
Mental_Health_and_Prevention,https://www.sciencedirect.com/science/journal/22126570
Mexican_Law_Review,https://www.sciencedirect.com/science/journal/18700578
Midwifery,https://www.sciencedirect.com/science/journal/02666138
Mindfulness_and_Compassion,https://www.sciencedirect.com/science/journal/24454079
Museum_Management_and_Curatorship,https://www.sciencedirect.com/science/journal/09647775
Natures_Sciences_Socits,https://www.sciencedirect.com/science/journal/12401307
Neurobiology_of_Aging,https://www.sciencedirect.com/science/journal/01974580
Neurobiology_of_Learning_and_Memory,https://www.sciencedirect.com/science/journal/10747427
Neuropsychiatrie_de_l'Enfance_et_de_l'Adolescence,https://www.sciencedirect.com/science/journal/02229617
Neuropsychologia,https://www.sciencedirect.com/science/journal/00283932
NeuroRX,https://www.sciencedirect.com/science/journal/15455343
Neuroscience_and_Biobehavioral_Reviews,https://www.sciencedirect.com/science/journal/01497634
Neurotherapeutics,https://www.sciencedirect.com/science/journal/19337213
New_Ideas_in_Psychology,https://www.sciencedirect.com/science/journal/0732118X
New_Scientist,https://www.sciencedirect.com/science/journal/02624079
NFS_Journal,https://www.sciencedirect.com/science/journal/23523646
Norteamrica,https://www.sciencedirect.com/science/journal/18703550
The_North_American_Journal_of_Economics_and_Finance,https://www.sciencedirect.com/science/journal/10629408
North_American_Review_of_Economics_and_Finance,https://www.sciencedirect.com/science/journal/1042752X
Nuclear_Energy_and_Technology,https://www.sciencedirect.com/science/journal/24523038
Nurse_Education_in_Practice,https://www.sciencedirect.com/science/journal/14715953
Nurse_Education_Today,https://www.sciencedirect.com/science/journal/02606917
Obesity_Medicine,https://www.sciencedirect.com/science/journal/24518476
Omega,https://www.sciencedirect.com/science/journal/03050483
Operations_Research_for_Health_Care,https://www.sciencedirect.com/science/journal/22116923
Operations_Research_Letters,https://www.sciencedirect.com/science/journal/01676377
Operations_Research_Perspectives,https://www.sciencedirect.com/science/journal/22147160
Orbis,https://www.sciencedirect.com/science/journal/00304387
Organizational_Behavior_and_Human_Decision_Processes,https://www.sciencedirect.com/science/journal/07495978
Organizational_Behavior_and_Human_Performance,https://www.sciencedirect.com/science/journal/00305073
Organizational_Dynamics,https://www.sciencedirect.com/science/journal/00902616
PacificBasin_Finance_Journal,https://www.sciencedirect.com/science/journal/0927538X
Pacific_Science_Review,https://www.sciencedirect.com/science/journal/12295450
Pacific_Science_Review_B_Humanities_and_Social_Sciences,https://www.sciencedirect.com/science/journal/24058831
PAIN,https://www.sciencedirect.com/science/journal/03043959
Pennsula,https://www.sciencedirect.com/science/journal/18705766
Perfiles_Educativos,https://www.sciencedirect.com/science/journal/01852698
Performance_Enhancement_and_Health,https://www.sciencedirect.com/science/journal/22112669
Performance_Evaluation,https://www.sciencedirect.com/science/journal/01665316
Perioperative_Care_and_Operating_Room_Management,https://www.sciencedirect.com/science/journal/24056030
Personality_and_Individual_Differences,https://www.sciencedirect.com/science/journal/01918869
Perspectives_in_Medicine,https://www.sciencedirect.com/science/journal/2211968X
Le_Pharmacien_Hospitalier,https://www.sciencedirect.com/science/journal/07689179
Le_Pharmacien_Hospitalier_et_Clinicien,https://www.sciencedirect.com/science/journal/22111042
Philosophical_Constructs_for_the_Chiropractic_Profession,https://www.sciencedirect.com/science/journal/22149163
Photogrammetric_Engineering_and_Remote_Sensing,https://www.sciencedirect.com/science/journal/00991112
Physica_A_Statistical_Mechanics_and_its_Applications,https://www.sciencedirect.com/science/journal/03784371
Poetics,https://www.sciencedirect.com/science/journal/0304422X
Policy_and_Society,https://www.sciencedirect.com/science/journal/14494035
Political_Geography,https://www.sciencedirect.com/science/journal/09626298
Political_Geography_Quarterly,https://www.sciencedirect.com/science/journal/02609827
Postpy_Psychiatrii_i_Neurologii,https://www.sciencedirect.com/science/journal/12302813
Pratiques_Psychologiques,https://www.sciencedirect.com/science/journal/12691763
Problemas_del_Desarrollo,https://www.sciencedirect.com/science/journal/03017036
Procedia_Economics_and_Finance,https://www.sciencedirect.com/science/journal/22125671
Procedia_Manufacturing,https://www.sciencedirect.com/science/journal/23519789
Procedia_Social_and_Behavioral_Sciences,https://www.sciencedirect.com/science/journal/18770428
Progress_in_Planning,https://www.sciencedirect.com/science/journal/03059006
Psicologa_Educativa,https://www.sciencedirect.com/science/journal/1135755X
Psychiatry_Research,https://www.sciencedirect.com/science/journal/01651781
Psychiatry_Research_Neuroimaging,https://www.sciencedirect.com/science/journal/09254927
Psychologie_Franaise,https://www.sciencedirect.com/science/journal/00332984
Psychologie_du_Travail_et_des_Organisations,https://www.sciencedirect.com/science/journal/14202530
Psychology_of_Sport_and_Exercise,https://www.sciencedirect.com/science/journal/14690292
Psychoneuroendocrinology,https://www.sciencedirect.com/science/journal/03064530
Psychosocial_Intervention,https://www.sciencedirect.com/science/journal/11320559
Psychosomatics,https://www.sciencedirect.com/science/journal/00333182
Public_Health,https://www.sciencedirect.com/science/journal/00333506
Public_Health_Forum,https://www.sciencedirect.com/science/journal/09445587
Public_Relations_Review,https://www.sciencedirect.com/science/journal/03638111
Quaderni_Italiani_di_Psichiatria,https://www.sciencedirect.com/science/journal/03930645
The_Quarterly_Review_of_Economics_and_Finance,https://www.sciencedirect.com/science/journal/10629769
Quaternary_International,https://www.sciencedirect.com/science/journal/10406182
Quaternary_Research,https://www.sciencedirect.com/science/journal/00335894
Race_and_Society,https://www.sciencedirect.com/science/journal/10909524
RAI_Revista_de_Administrao_e_Inovao,https://www.sciencedirect.com/science/journal/18092039
RAUSP_Management_Journal,https://www.sciencedirect.com/science/journal/25310488
Recherche_Transports_Scurit,https://www.sciencedirect.com/science/journal/07618980
REGE_Revista_de_Gesto,https://www.sciencedirect.com/science/journal/18092276
Regional_Science_and_Urban_Economics,https://www.sciencedirect.com/science/journal/01660462
Regional_and_Urban_Economics,https://www.sciencedirect.com/science/journal/00343331
Reliability_Engineering_and_System_Safety,https://www.sciencedirect.com/science/journal/09518320
Religion,https://www.sciencedirect.com/science/journal/0048721X
Reproductive_Biomedicine_and_Society_Online,https://www.sciencedirect.com/science/journal/24056618
Reproductive_Health_Matters,https://www.sciencedirect.com/science/journal/09688080
Research_in_Accounting_Regulation,https://www.sciencedirect.com/science/journal/10520457
Research_in_Autism_Spectrum_Disorders,https://www.sciencedirect.com/science/journal/17509467
Research_in_Developmental_Disabilities,https://www.sciencedirect.com/science/journal/08914222
Research_in_Economics,https://www.sciencedirect.com/science/journal/10909443
Research_in_International_Business_and_Finance,https://www.sciencedirect.com/science/journal/02755319
Research_in_Organizational_Behavior,https://www.sciencedirect.com/science/journal/01913085
Research_Policy,https://www.sciencedirect.com/science/journal/00487333
Research_in_Social_Stratification_and_Mobility,https://www.sciencedirect.com/science/journal/02765624
Research_Strategies,https://www.sciencedirect.com/science/journal/07343310
Research_in_Transportation_Business_and_Management,https://www.sciencedirect.com/science/journal/22105395
Research_in_Transportation_Economics,https://www.sciencedirect.com/science/journal/07398859
Resource_and_Energy_Economics,https://www.sciencedirect.com/science/journal/09287655
Resource_Recovery_and_Conservation,https://www.sciencedirect.com/science/journal/03043967
Resources_and_Conservation,https://www.sciencedirect.com/science/journal/01663097
Resources_Conservation_and_Recycling,https://www.sciencedirect.com/science/journal/09213449
Resources_and_Energy,https://www.sciencedirect.com/science/journal/01650572
Resources_Policy,https://www.sciencedirect.com/science/journal/03014207
Review_of_Development_Finance,https://www.sciencedirect.com/science/journal/18799337
Review_of_Economic_Dynamics,https://www.sciencedirect.com/science/journal/10942025
Review_of_Financial_Economics,https://www.sciencedirect.com/science/journal/10583300
Review_of_Radical_Political_Economics,https://www.sciencedirect.com/science/journal/04866134
Revista_de_Administrao,https://www.sciencedirect.com/science/journal/00802107
Revista_de_Calidad_Asistencial,https://www.sciencedirect.com/science/journal/1134282X
Revista_de_Contabilidad,https://www.sciencedirect.com/science/journal/11384891
Revista_de_la_Educacin_Superior,https://www.sciencedirect.com/science/journal/01852760
Revista_Espaola_de_Geriatra_y_Gerontologa,https://www.sciencedirect.com/science/journal/0211139X
Revista_Espaola_de_Investigacin_de_Marketing_ESIC,https://www.sciencedirect.com/science/journal/11381442
Revista_Europea_de_Direccin_y_Economa_de_la_Empresa,https://www.sciencedirect.com/science/journal/10196838
Revista_Iberoamericana_de_Educacin_Superior,https://www.sciencedirect.com/science/journal/20072872
Revista_Iberoamericana_de_Psicologa_y_Salud,https://www.sciencedirect.com/science/journal/21712069
Revista_Internacional_de_Androloga,https://www.sciencedirect.com/science/journal/1698031X
Revista_Latinoamericana_de_Derecho_Social,https://www.sciencedirect.com/science/journal/18704670
Revista_Latinoamericana_de_Psicologa,https://www.sciencedirect.com/science/journal/01200534
Revista_de_Logopedia_Foniatra_y_Audiologa,https://www.sciencedirect.com/science/journal/02144603
Revista_Mdica_Internacional_sobre_el_Sndrome_de_Down,https://www.sciencedirect.com/science/journal/11382074
Revista_Mexicana_de_Ciencias_Polticas_y_Sociales,https://www.sciencedirect.com/science/journal/01851918
Revista_Mexicana_de_Opinin_Pblica,https://www.sciencedirect.com/science/journal/18707300
Revista_Mexicana_de_Trastornos_Alimentarios,https://www.sciencedirect.com/science/journal/20071523
Revista_Portuguesa_de_Cardiologia,https://www.sciencedirect.com/science/journal/08702551
Revista_Portuguesa_de_Sade_Pblica,https://www.sciencedirect.com/science/journal/08709025
Revista_de_Psicodidctica,https://www.sciencedirect.com/science/journal/11361034
Revista_de_Psicodidctica_(English_ed),https://www.sciencedirect.com/science/journal/25303805
Revista_de_Psicologa_del_Trabajo_y_de_las_Organizaciones,https://www.sciencedirect.com/science/journal/15765962
Revue_Europenne_de_Psychologie_Applique,https://www.sciencedirect.com/science/journal/11629088
Revue_Gnrale_des_Chemins_de_Fer,https://www.sciencedirect.com/science/journal/00353183
La_Revue_Gestion_et_Organisation,https://www.sciencedirect.com/science/journal/22144234
Revue_Libanaise_de_Gestion_et_d'conomie,https://www.sciencedirect.com/science/journal/19997620
La_Revue_de_Mdecine_Lgale,https://www.sciencedirect.com/science/journal/18786529
Ricerche_Economiche,https://www.sciencedirect.com/science/journal/00355054
Russian_Journal_of_Economics,https://www.sciencedirect.com/science/journal/24054739
Russian_Literature,https://www.sciencedirect.com/science/journal/03043479
Safety_and_Health_at_Work,https://www.sciencedirect.com/science/journal/20937911
Safety_Science,https://www.sciencedirect.com/science/journal/09257535
Sauvegarde_de_l'Enfance,https://www.sciencedirect.com/science/journal/00365041
Scandinavian_International_Business_Review,https://www.sciencedirect.com/science/journal/09629262
Scandinavian_Journal_of_Management,https://www.sciencedirect.com/science/journal/09565221
Scandinavian_Journal_of_Management_Studies,https://www.sciencedirect.com/science/journal/02817527
Schizophrenia_Research,https://www.sciencedirect.com/science/journal/09209964
Science_and_Justice,https://www.sciencedirect.com/science/journal/13550306
Seizure,https://www.sciencedirect.com/science/journal/10591311
Serials_Review,https://www.sciencedirect.com/science/journal/00987913
Sexologies,https://www.sciencedirect.com/science/journal/11581360
She_Ji_The_Journal_of_Design_Economics_and_Innovation,https://www.sciencedirect.com/science/journal/24058726
Simulation_Modelling_Practice_and_Theory,https://www.sciencedirect.com/science/journal/1569190X
Sleep_Health,https://www.sciencedirect.com/science/journal/23527218
Social_Networks,https://www.sciencedirect.com/science/journal/03788733
Social_Science_Information_Studies,https://www.sciencedirect.com/science/journal/01436236
The_Social_Science_Journal,https://www.sciencedirect.com/science/journal/03623319
Social_Science_and_Medicine,https://www.sciencedirect.com/science/journal/02779536
Social_Science_and_Medicine_(1967),https://www.sciencedirect.com/science/journal/00377856
Social_Science_and_Medicine_Part_A_Medical_Psychology_and_Medical_Sociology,https://www.sciencedirect.com/science/journal/02717123
Social_Science_and_Medicine_Part_B_Medical_Anthropology,https://www.sciencedirect.com/science/journal/01607987
Social_Science_and_Medicine_Part_C_Medical_Economics,https://www.sciencedirect.com/science/journal/01607995
Social_Science_and_Medicine_Part_D_Medical_Geography,https://www.sciencedirect.com/science/journal/01608002
Social_Science_and_Medicine_Part_E_Medical_Psychology,https://www.sciencedirect.com/science/journal/02715384
Social_Science_and_Medicine_Part_F_Medical_and_Social_Ethics,https://www.sciencedirect.com/science/journal/02715392
Social_Science_Research,https://www.sciencedirect.com/science/journal/0049089X
SocioEconomic_Planning_Sciences,https://www.sciencedirect.com/science/journal/00380121
Sociologie_du_Travail,https://www.sciencedirect.com/science/journal/00380296
Space_Policy,https://www.sciencedirect.com/science/journal/02659646
Spanish_Journal_of_Marketing_ESIC,https://www.sciencedirect.com/science/journal/24449695
The_Spanish_Review_of_Financial_Economics,https://www.sciencedirect.com/science/journal/21731268
Spatial_and_Spatiotemporal_Epidemiology,https://www.sciencedirect.com/science/journal/18775845
Spatial_Statistics,https://www.sciencedirect.com/science/journal/22116753
Speech_Communication,https://www.sciencedirect.com/science/journal/01676393
Sport_Management_Review,https://www.sciencedirect.com/science/journal/14413523
SSM_Population_Health,https://www.sciencedirect.com/science/journal/23528273
Statistical_Methodology,https://www.sciencedirect.com/science/journal/15723127
Statistics_and_Probability_Letters,https://www.sciencedirect.com/science/journal/01677152
Stochastic_Processes_and_their_Applications,https://www.sciencedirect.com/science/journal/03044149
Structural_Change_and_Economic_Dynamics,https://www.sciencedirect.com/science/journal/0954349X
Studies_in_Communication_Sciences,https://www.sciencedirect.com/science/journal/14244896
Studies_in_Comparative_Communism,https://www.sciencedirect.com/science/journal/00393592
Studies_in_Educational_Evaluation,https://www.sciencedirect.com/science/journal/0191491X
Studies_in_History_and_Philosophy_of_Science_Part_A,https://www.sciencedirect.com/science/journal/00393681
Studies_in_History_and_Philosophy_of_Science_Part_B_Studies_in_History_and_Philosophy_of_Modern_Physics,https://www.sciencedirect.com/science/journal/13552198
Studies_in_History_and_Philosophy_of_Science_Part_C_Studies_in_History_and_Philosophy_of_Biological_and_Biomedical_Sciences,https://www.sciencedirect.com/science/journal/13698486
Suma_de_Negocios,https://www.sciencedirect.com/science/journal/2215910X
Suma_Psicolgica,https://www.sciencedirect.com/science/journal/01214381
Surveys_in_Operations_Research_and_Management_Science,https://www.sciencedirect.com/science/journal/18767354
Sustainability_of_Water_Quality_and_Ecology,https://www.sciencedirect.com/science/journal/22126139
Sustainable_Cities_and_Society,https://www.sciencedirect.com/science/journal/22106707
Swarm_and_Evolutionary_Computation,https://www.sciencedirect.com/science/journal/22106502
System,https://www.sciencedirect.com/science/journal/0346251X
Systems_and_Control_Letters,https://www.sciencedirect.com/science/journal/01676911
Systems_Engineering_Procedia,https://www.sciencedirect.com/science/journal/22113819
Systems_Engineering_Theory_and_Practice,https://www.sciencedirect.com/science/journal/18748651
Teaching_and_Teacher_Education,https://www.sciencedirect.com/science/journal/0742051X
Technological_Forecasting,https://www.sciencedirect.com/science/journal/00993964
Technological_Forecasting_and_Social_Change,https://www.sciencedirect.com/science/journal/00401625
Technology_in_Society,https://www.sciencedirect.com/science/journal/0160791X
Technovation,https://www.sciencedirect.com/science/journal/01664972
Tkhne,https://www.sciencedirect.com/science/journal/16459911
Telecommunications_Policy,https://www.sciencedirect.com/science/journal/03085961
Telematics_and_Informatics,https://www.sciencedirect.com/science/journal/07365853
Thinking_Skills_and_Creativity,https://www.sciencedirect.com/science/journal/18711871
Tourism_Management,https://www.sciencedirect.com/science/journal/02615177
Tourism_Management_Perspectives,https://www.sciencedirect.com/science/journal/22119736
Transfusion_Clinique_et_Biologique,https://www.sciencedirect.com/science/journal/12467820
Transport_Policy,https://www.sciencedirect.com/science/journal/0967070X
Transportation_Geotechnics,https://www.sciencedirect.com/science/journal/22143912
Transportation_Research,https://www.sciencedirect.com/science/journal/00411647
Transportation_Research_Part_A_General,https://www.sciencedirect.com/science/journal/01912607
Transportation_Research_Part_A_Policy_and_Practice,https://www.sciencedirect.com/science/journal/09658564
Transportation_Research_Part_B_Methodological,https://www.sciencedirect.com/science/journal/01912615
Transportation_Research_Part_C_Emerging_Technologies,https://www.sciencedirect.com/science/journal/0968090X
Transportation_Research_Part_D_Transport_and_Environment,https://www.sciencedirect.com/science/journal/13619209
Transportation_Research_Part_E_Logistics_and_Transportation_Review,https://www.sciencedirect.com/science/journal/13665545
Transportation_Research_Part_F_Traffic_Psychology_and_Behaviour,https://www.sciencedirect.com/science/journal/13698478
Transportation_Research_Procedia,https://www.sciencedirect.com/science/journal/23521465
Trastornos_Adictivos,https://www.sciencedirect.com/science/journal/15750973
Travel_Behaviour_and_Society,https://www.sciencedirect.com/science/journal/2214367X
Trends_in_Cognitive_Sciences,https://www.sciencedirect.com/science/journal/13646613
Trends_in_Ecology_and_Evolution,https://www.sciencedirect.com/science/journal/01695347
UMK_Procedia,https://www.sciencedirect.com/science/journal/22140115
Urban_Climate,https://www.sciencedirect.com/science/journal/22120955
Urban_Ecology,https://www.sciencedirect.com/science/journal/03044009
Urban_Forestry_and_Urban_Greening,https://www.sciencedirect.com/science/journal/16188667
Urban_Systems,https://www.sciencedirect.com/science/journal/01478001
Urban_Water,https://www.sciencedirect.com/science/journal/14620758
Utilities_Policy,https://www.sciencedirect.com/science/journal/09571787
Vacunas,https://www.sciencedirect.com/science/journal/15769887
Value_in_Health,https://www.sciencedirect.com/science/journal/10983015
Value_in_Health_Regional_Issues,https://www.sciencedirect.com/science/journal/22121099
Vehicular_Communications,https://www.sciencedirect.com/science/journal/22142096
Water_Resources_and_Economics,https://www.sciencedirect.com/science/journal/22124284
Water_Resources_and_Rural_Development,https://www.sciencedirect.com/science/journal/22126082
Water_Security,https://www.sciencedirect.com/science/journal/24683124
Weather_and_Climate_Extremes,https://www.sciencedirect.com/science/journal/22120947
Wine_Economics_and_Policy,https://www.sciencedirect.com/science/journal/22129774
Woman_Psychosomatic_Gynaecology_and_Obstetrics,https://www.sciencedirect.com/science/journal/2213560X
Women's_Health_Issues,https://www.sciencedirect.com/science/journal/10493867
Women's_Health_Medicine,https://www.sciencedirect.com/science/journal/17441870
Women's_Studies_International_Forum,https://www.sciencedirect.com/science/journal/02775395
Women's_Studies_International_Quarterly,https://www.sciencedirect.com/science/journal/01480685
World_Development,https://www.sciencedirect.com/science/journal/0305750X
World_Development_Perspectives,https://www.sciencedirect.com/science/journal/24522929
World_Patent_Information,https://www.sciencedirect.com/science/journal/01722190
Zeitschrift_fr_Evidenz_Fortbildung_und_Qualitt_im_Gesundheitswesen,https://www.sciencedirect.com/science/journal/18659217
